Quadras;longitude;latitude
1687;;
1688;-45,08679362;-22,92446776
1;-45,24925904;-22,7756552
2;-45,25067472;-22,77523031
3;-45,24878319;-22,77490583
4;-45,24818643;-22,77729701
5;-45,25067472;-22,77523031
6;-45,24818643;-22,77729701
7;-45,24807433;-22,78036956
8;-45,24870603;-22,77920963
9;-45,24870603;-22,77920963
10;-45,24770862;-22,77857999
1006;-45,19213604;-22,8094913
1018;-45,19540078;-22,80906247
102;-45,24427768;-22,80749269
103;-45,24102924;-22,81028368
1031;-45,18550392;-22,81165448
1039;-45,18436396;-22,80887831
1045;-45,1968094;-22,80644348
1044;-45,19787503;-22,80644762
1046;-45,19685308;-22,80701802
1047;-45,19685308;-22,80701802
106;-45,23038737;-22,79563106
1064;-45,14807718;-22,77546494
107;-45,22785847;-22,79430598
843;-45,19073965;-22,79906534
108;-45,23017701;-22,79432813
109;-45,2278462;-22,79534077
1098;-45,15299523;-22,78538549
11;-45,25154116;-22,78043637
11;-45,25410833;-22,78382736
11;-45,25154116;-22,78043637
1105;-45,15353052;-22,78664601
111;-45,22286508;-22,79358094
111;-45,22141542;-22,79524796
1112;-45,15587441;-22,78755315
1113;-45,15397571;-22,7888945
1119;-45,15463257;-22,78852903
112;-45,22003483;-22,79557381
1120;-45,15517783;-22,78850782
113;-45,22573017;-22,79752184
1131;-45,155382;-22,7887269
1132;-45,15557918;-22,78857123
1133;-45,15489625;-22,78968496
1134;-45,15416456;-22,79079639
1135;-45,15385336;-22,79155702
1137;-45,15385336;-22,79155702
1138;-45,15179921;-22,79409131
114;-45,22885417;-22,79814056
1141;-45,15416456;-22,79079639
1142;-45,15399886;-22,79212194
1143;-45,15548738;-22,79230993
1144;-45,15416456;-22,79079639
1145;-45,15548738;-22,79230993
1146;-45,15548738;-22,79230993
1147;-45,15548738;-22,79230993
1148;-45,15686491;-22,79105475
1149;-45,15548738;-22,79230993
115;-45,22783464;-22,79545226
1150;-45,15686491;-22,79105475
1151;-45,15548738;-22,79230993
1152;-45,15548738;-22,79230993
1153;-45,15651769;-22,79180234
1154;-45,15651769;-22,79180234
1155;-45,15792268;-22,79360907
1156;-45,15763637;-22,79462864
1157;-45,15763637;-22,79462864
1159;-45,15763637;-22,79462864
116;-45,22806591;-22,79554392
1160;-45,16105453;-22,77024393
1160;-45,16105453;-22,77024393
1161;-45,1590482;-22,77115276
1162;-45,16135785;-22,77149638
1163;-45,1590482;-22,77115276
1164;-45,16258468;-22,77155285
1165;-45,16135785;-22,77149638
117;-45,22429615;-22,7936405
1170;-45,16182854;-22,7733943
1171;-45,16182854;-22,7733943
1172;-45,16182854;-22,7733943
1173;-45,16182854;-22,7733943
1175;-45,16583834;-22,77563135
1176;-45,16583834;-22,77563135
1177;-45,16295649;-22,7755539
1178;-45,16295649;-22,7755539
1179;-45,16656917;-22,7781923
118;-45,22429615;-22,7936405
1180;-45,16333849;-22,77622883
1181;-45,16524009;-22,77833801
1182;-45,16524009;-22,77833801
1182;-45,16317178;-22,78229654
1183;-45,15510558;-22,77821169
1174;-45,15510558;-22,77821169
1184;-45,15316556;-22,78213681
1185;-45,16524009;-22,77833801
1186;-45,16256698;-22,77973941
1187;-45,16289159;-22,78081391
1188;-45,16289159;-22,78081391
1189;-45,15435412;-22,77845734
119;-45,22320433;-22,79325359
1190;-45,15664157;-22,78377036
1191;-45,16656917;-22,7781923
1192;-45,16590115;-22,7791838
1193;-45,16590115;-22,7791838
1194;-45,16794296;-22,78488671
1195;-45,16012227;-22,78203304
1196;-45,16384381;-22,77852911
1197;-45,16480097;-22,78000801
1198;-45,17047674;-22,77905565
1199;-45,16944308;-22,78009605
12;-45,25154116;-22,78043637
120;-45,22320433;-22,79325359
1200;-45,16647886;-22,78200148
1201;-45,16451534;-22,78210091
1202;-45,16174728;-22,7832509
1203;-45,16162577;-22,78391367
1204;-45,16069341;-22,78424628
1205;-45,15612905;-22,78317621
1207;-45,15612905;-22,78317621
1208;-45,17107737;-22,78398869
1209;-45,16543932;-22,7818665
1691;-45,23177326;-22,79627908
1692;-45,23038773;-22,79568694
1694;-45,23084244;-22,7950186
1210;-45,16728547;-22,78326154
1211;-45,16570702;-22,78159328
1212;-45,17044753;-22,78299123
1213;-45,16794296;-22,78488671
1214;-45,16794296;-22,78488671
1215;-45,16174728;-22,7832509
1216;-45,16174728;-22,7832509
122;-45,23086573;-22,79781073
1217;-45,16596402;-22,7831591
1218;-45,16265003;-22,78649441
1219;-45,16265003;-22,78649441
1220;-45,16265003;-22,78649441
1221;-45,15785108;-22,78802669
1222;-45,15785108;-22,78802669
1223;-45,15785108;-22,78802669
1224;-45,15587441;-22,78755315
1225;-45,15651769;-22,79180234
1226;-45,16843254;-22,78620007
1227;-45,16873979;-22,78587281
1228;-45,16833273;-22,78625355
1229;-45,1645657;-22,78628203
123;-45,23086573;-22,79781073
1230;-45,16991262;-22,78645327
1231;-45,17110171;-22,78736056
1232;-45,17097677;-22,78473843
1232;-45,17110171;-22,78736056
1233;-45,17105841;-22,78907598
1234;-45,17105841;-22,78907598
1235;-45,1713369;-22,78873691
1236;-45,17105841;-22,78907598
1237;-45,17081693;-22,79021642
1238;-45,16897875;-22,78838458
1239;-45,16897875;-22,78838458
124;-45,22980063;-22,79718817
1240;-45,16393277;-22,79326534
1241;-45,17156263;-22,79067699
1242;-45,17081693;-22,79021642
1243;-45,16897875;-22,78838458
1244;-45,1718107;-22,7914702
1246;-45,17208631;-22,79155752
1247;-45,17320791;-22,79383315
1749;-45,17216867;-22,79153677
1248;-45,17216867;-22,79153677
1249;-45,17187739;-22,79226211
1250;-45,17196512;-22,79409801
1251;-45,16393277;-22,79326534
1252;-45,16202818;-22,79431431
1253;-45,16025489;-22,7932393
1254;-45,16025489;-22,7932393
1255;-45,16025489;-22,7932393
1256;-45,16025489;-22,7932393
1257;-45,16025489;-22,7932393
1258;-45,16025489;-22,7932393
1259;-45,17320791;-22,79383315
126;-45,22987718;-22,79646117
1260;-45,15518837;-22,78379976
1260;-45,1736778;-22,79266113
1807;-45,17362503;-22,7942546
1262;-45,17396067;-22,79334463
1263;-45,17414334;-22,79499605
1264;-45,17304466;-22,79499026
1265;-45,17469015;-22,79510127
1266;-45,17469015;-22,79510127
1267;-45,17469015;-22,79510127
1268;-45,16202818;-22,79431431
1269;-45,16025489;-22,7932393
127;-45,23027743;-22,79692773
1270;-45,16025489;-22,7932393
1271;-45,16382267;-22,79674389
1272;-45,16346578;-22,79765781
1273;-45,16382267;-22,79674389
1274;-45,17398733;-22,79595583
1285;-45,17283776;-22,79682518
1276;-45,17835228;-22,79674567
1277;-45,17835228;-22,79674567
1278;-45,17835228;-22,79674567
1279;-45,17391706;-22,79667617
1727;-45,17348976;-22,79570151
1732;-45,17425466;-22,7930542
128;-45,22943416;-22,79733937
1280;-45,17835228;-22,79674567
1281;-45,17835228;-22,79674567
1282;-45,17790216;-22,79704633
1283;-45,17647132;-22,79717101
1284;-45,17657903;-22,79531812
1286;-45,17265372;-22,79689118
1287;-45,17265372;-22,79689118
1288;-45,17076335;-22,7997259
1289;-45,17497899;-22,8015397
129;-45,22943416;-22,79733937
1290;-45,17497899;-22,8015397
1291;-45,17505441;-22,80281129
1291;-45,17280143;-22,80337997
1292;-45,1715925;-22,8020491
1293;-45,17076335;-22,7997259
1294;-45,17080785;-22,8006553
1295;-45,17080785;-22,8006553
1296;-45,16692755;-22,79832632
1297;-45,16692755;-22,79832632
1298;-45,16692755;-22,79832632
1299;-45,16692755;-22,79832632
13;-45,24989592;-22,77921452
130;-45,2285787;-22,79737056
1300;-45,16692755;-22,79832632
1301;-45,16318207;-22,79982365
1302;-45,16044377;-22,79970859
1303;-45,15380904;-22,79925059
1304;-45,15451182;-22,80082104
1305;-45,16044377;-22,79970859
1306;-45,15931492;-22,80164196
1307;-45,15931492;-22,80164196
1308;-45,15931492;-22,80164196
1309;-45,17539045;-22,80083468
131;-45,22943786;-22,79604881
1310;-45,17086784;-22,80141073
1311;-45,17168809;-22,80249413
1312;-45,17168809;-22,80249413
1313;-45,17131433;-22,80149707
1314;-45,17211723;-22,80379786
1315;-45,17211723;-22,80379786
1316;-45,17230715;-22,80438816
1317;-45,17747955;-22,80417178
1318;-45,17505441;-22,80281129
1319;-45,17505441;-22,80281129
132;-45,22733067;-22,79711887
1320;-45,17505441;-22,80281129
1321;-45,17505441;-22,80281129
1322;-45,17505441;-22,80281129
133;-45,22733067;-22,79711887
1330;-45,17741155;-22,80961883
1338;-45,1801606;-22,81174734
134;-45,22733067;-22,79711887
135;-45,22602886;-22,79661152
1359;-45,19151693;-22,81672605
136;-45,22383991;-22,79478874
137;-45,22361501;-22,79568425
138;-45,22383991;-22,79478874
1383;-45,18640547;-22,81734587
139;-45,22361501;-22,79568425
1396;-45,18171853;-22,81948671
14;-45,24989592;-22,77921452
140;-45,22141542;-22,79524796
1404;-45,18108611;-22,82113005
141;-45,22141542;-22,79524796
1417;-45,18651489;-22,81945387
142;-45,22356321;-22,79671368
143;-45,22287027;-22,79536407
1430;-45,18860716;-22,81353857
1438;-45,19717871;-22,81494356
144;-45,22733067;-22,79711887
145;-45,22733067;-22,79711887
1450;-45,18954986;-22,81592218
146;-45,22602886;-22,79661152
1463;-45,19559811;-22,81902609
1463;-45,19559811;-22,81902609
147;-45,22478765;-22,79748277
1471;-45,19027073;-22,81971712
148;-45,22478765;-22,79748277
1483;-45,19405557;-22,81994594
149;-45,22356321;-22,79671368
1496;-45,18923196;-22,82046673
1499;-45,19539615;-22,82442579
15;-45,24989592;-22,77921452
150(a);-45,22141542;-22,79524796
150(b);-45,22141542;-22,79524796
1504;-45,19194213;-22,82400343
151;-45,21516639;-22,79736415
151;-45,21516639;-22,79736415
1516;-45,19129999;-22,8236624
152;-45,23029114;-22,79779541
1529;-45,19211999;-22,8318718
153;-45,23161262;-22,7986369
1537;-45,20711439;-22,80939264
154;-45,22733067;-22,79711887
1545;-45,20419045;-22,81715526
1549;-45,20495092;-22,81387479
155;-45,22733067;-22,79711887
1558;-45,19770222;-22,80914109
156;-45,22450128;-22,79747518
1562;-45,19846485;-22,81277765
157;-45,22450128;-22,79747518
1570;-45,20088679;-22,81385518
1579;-45,19739094;-22,81309187
158;-45,22450128;-22,79747518
1583;-45,20495092;-22,81387479
159;-45,22450128;-22,79747518
1596;-45,20419045;-22,81715526
16;-45,24943705;-22,78225643
160;-45,22450128;-22,79747518
1604;-45,21081723;-22,82925587
161;-45,22450128;-22,79747518
1612;-45,20966142;-22,82880305
1612;-45,20964509;-22,82847002
1615;-45,20753449;-22,82647315
162;-45,2214662;-22,79529411
1629;-45,20601833;-22,8213973
163;-45,22141542;-22,79524796
1632;-45,20362816;-22,82385286
1637;-45,19851869;-22,81909919
164;-45,22141542;-22,79524796
165;-45,22141542;-22,79524796
166;-45,22141542;-22,79524796
167;-45,22287027;-22,79536407
168;-45,22088214;-22,79787683
169;-45,21905985;-22,79787591
17;-45,24983477;-22,7804697
170;-45,21905985;-22,79787591
171;-45,21905985;-22,79787591
172;-45,22161637;-22,79776873
173;-45,21905985;-22,79787591
174;-45,21905985;-22,79787591
175;-45,2278091;-22,79666247
176;-45,2278091;-22,79666247
178;-45,22125925;-22,79676267
179;-45,2195629;-22,79815754
18;-45,24770862;-22,77857999
180;-45,21905985;-22,79787591
181;-45,22333315;-22,79997678
182;-45,22333315;-22,79997678
183;-45,22039978;-22,79999614
184;-45,2200582;-22,79902952
185;-45,2200582;-22,79902952
186;-45,21895677;-22,7989276
187;-45,21895677;-22,7989276
188;-45,21895677;-22,7989276
189;-45,22067881;-22,79907814
19;-45,24528245;-22,78351234
190;-45,22235714;-22,80067773
191;-45,22235714;-22,80067773
192;-45,21620178;-22,79920743
193;-45,21620178;-22,79920743
194;-45,21620178;-22,79920743
195;-45,21620178;-22,79920743
196;-45,21620178;-22,79920743
197;-45,21620178;-22,79920743
198;-45,2214995;-22,80119586
199;-45,21773835;-22,79890417
20;-45,25531029;-22,7835507
200;-45,21773835;-22,79890417
201;-45,2180276;-22,79952257
202;-45,21536197;-22,79870782
203;-45,21620178;-22,79920743
204;-45,21620178;-22,79920743
205;-45,21332189;-22,80172043
206;-45,21332189;-22,80172043
207;-45,21323606;-22,80033837
208;-45,21299344;-22,80014992
209;-45,21197628;-22,79993146
21;-45,25154116;-22,78043637
210;-45,21193781;-22,80024883
211;-45,21129336;-22,79993718
212;-45,20953218;-22,8016145
212;-45,20953218;-22,8016145
213;-45,21332189;-22,80172043
214;-45,21332189;-22,80172043
215;-45,21332189;-22,80172043
216;-45,21332189;-22,80172043
217;-45,21332189;-22,80172043
218;-45,21073486;-22,80156784
219;-45,20937201;-22,80267791
22;-45,25154116;-22,78043637
220;-45,20953218;-22,8016145
221;-45,21238779;-22,80076435
222;-45,21326398;-22,80126138
223;-45,21200288;-22,80306925
224;-45,21181865;-22,80397669
224;-45,21181865;-22,80397669
224;-45,21181865;-22,80397669
224;-45,21181865;-22,80397669
225;-45,21138131;-22,80260815
225;-45,21025109;-22,80515116
244.1;-45,21028425;-22,80569816
226;-45,20952095;-22,803834
227;-45,20953218;-22,8016145
228;-45,20939738;-22,8027316
229;-45,20941075;-22,803004
23;-45,25154116;-22,78043637
230;-45,20845064;-22,80388823
231;-45,20845064;-22,80388823
232;-45,2104708;-22,80395344
233;-45,20952095;-22,803834
234;-45,20952095;-22,803834
235;-45,20952095;-22,803834
237;-45,21058935;-22,80525773
238;-45,21058935;-22,80525773
239;-45,21021861;-22,80682009
24;-45,25154116;-22,78043637
240;-45,21021861;-22,80682009
241;-45,20895476;-22,80515836
242;-45,21058935;-22,80525773
243;-45,20963034;-22,80462675
244;-45,20895476;-22,80515836
245;-45,24038837;-22,80529423
246;-45,24038837;-22,80529423
247;-45,23836365;-22,80503776
248;-45,23764293;-22,80453974
249;-45,23655974;-22,80530649
249;-45,23655974;-22,80530649
25;-45,24528245;-22,78351234
250;-45,23727395;-22,80550582
251;-45,23919095;-22,80567468
252;-45,23612219;-22,80605797
254;-45,24145338;-22,80524507
26;-45,25152625;-22,78355485
26;-45,25152625;-22,78355485
26;-45,25152625;-22,78355485
263;-45,23494551;-22,80606583
264;-45,23927818;-22,80833819
265;-45,24135367;-22,80936635
267;-45,23742288;-22,80776037
267;-45,23742288;-22,80776037
27;-45,25307172;-22,7852671
271;-45,23494551;-22,80606583
272;-45,23749525;-22,81119928
275;-45,20684302;-22,77218265
28;-45,2474859;-22,78355495
286;-45,21948471;-22,77836323
29;-45,24969842;-22,78331925
294;-45,20684302;-22,77218265
297;-45,2193231;-22,77966845
30;-45,2471907;-22,78539836
306;-45,22120877;-22,78078594
307;-45,21948471;-22,77836323
308;-45,22956829;-22,78251235
31;-45,2471907;-22,78539836
315;-45,21018746;-22,7791898
318;-45,20734464;-22,77874871
319;-45,23165409;-22,78378835
32;-45,25237138;-22,78428543
320;-45,22787402;-22,78559504
321;-45,22467242;-22,78561802
322;-45,22677149;-22,78456201
323;-45,22248977;-22,78730543
324;-45,23165409;-22,78378835
325;-45,2310607;-22,78510987
326;-45,2310607;-22,78510987
327;-45,2301923;-22,78510869
328;-45,22870866;-22,78635907
329;-45,22926128;-22,7862699
33;-45,2471907;-22,78539836
330;-45,22904467;-22,78772406
330;-45,22904467;-22,78772406
331;-45,22566516;-22,78689216
332;-45,22493078;-22,78585216
333;-45,22493078;-22,78585216
334;-45,22493078;-22,78585216
335;-45,22617057;-22,7863848
336;-45,22352294;-22,78700606
337;-45,22687154;-22,7870288
338;-45,22617057;-22,7863848
339;-45,22150585;-22,78818075
34;-45,2471907;-22,78539836
340;-45,22008137;-22,78853251
340;-45,21548425;-22,78945684
340;-45,22008137;-22,78853251
341;-45,22150585;-22,78818075
342;-45,22787402;-22,78559504
343;-45,22787402;-22,78559504
344;-45,23270292;-22,78529574
345;-45,22579654;-22,78815391
346;-45,22579654;-22,78815391
347;-45,22579654;-22,78815391
348;-45,22537041;-22,79002541
349;-45,22579654;-22,78815391
35;-45,24959758;-22,78624773
350;-45,2242067;-22,78683835
351;-45,22687154;-22,7870288
352;-45,2242067;-22,78683835
353;-45,2242067;-22,78683835
354;-45,22150585;-22,78818075
355;-45,22436072;-22,78806918
356;-45,22436072;-22,78806918
357;-45,22436072;-22,78806918
358;-45,22088701;-22,78947891
359;-45,22502268;-22,78789574
36;-45,2670213;-22,79269703
360;-45,22044438;-22,78957882
361;-45,2198429;-22,7900732
362;-45,22702315;-22,79054439
363;-45,21952847;-22,79272702
364;-45,21089108;-22,78816727
364;-45,21052339;-22,78685467
365;-45,21050191;-22,78722635
366;-45,20888556;-22,78481856
368;-45,21050191;-22,78722635
369;-45,20802696;-22,78596072
37;-45,2670213;-22,79269703
370;-45,20810966;-22,78702986
371;-45,20810966;-22,78702986
372;-45,20574756;-22,78451382
373;-45,20810966;-22,78702986
374;-45,20927105;-22,78929558
375;-45,20927105;-22,78929558
376;-45,20931278;-22,78842223
377;-45,20931278;-22,78842223
378;-45,20819784;-22,78874002
379;-45,20819784;-22,78874002
38;-45,2670213;-22,79269703
380;-45,20574756;-22,78451382
381;-45,21001692;-22,78850136
364;-45,21001692;-22,78850136
382;-45,20849729;-22,78878434
383;-45,209602;-22,78989989
384;-45,21100846;-22,79063342
385;-45,21054561;-22,79209958
386;-45,21100846;-22,79063342
387;-45,21054561;-22,79209958
388;-45,21054561;-22,79209958
389;-45,21054561;-22,79209958
39;-45,2670213;-22,79269703
390;-45,21054561;-22,79209958
391;-45,21054561;-22,79209958
392;-45,21015119;-22,79423385
393;-45,21015119;-22,79423385
394;-45,20913239;-22,79325325
394;-45,21053204;-22,79507077
395;-45,21002588;-22,7935054
396;-45,21015848;-22,79397639
397;-45,21000373;-22,79465966
398;-45,20976808;-22,79673911
399;-45,20976808;-22,79673911
40;-45,2670213;-22,79269703
400;-45,2106601;-22,79562013
401;-45,21006903;-22,79595409
402;-45,21001457;-22,79493114
404;-45,20903889;-22,79735531
405;-45,21034308;-22,79665379
406;-45,20903889;-22,79735531
407;-45,20789513;-22,79611436
408;-45,20754159;-22,7956648
409;-45,20754159;-22,7956648
41;-45,2670213;-22,79269703
410;-45,20789513;-22,79611436
411;-45,2082502;-22,79836654
412;-45,20903889;-22,79735531
413;-45,20753351;-22,79826686
414;-45,20755667;-22,79763419
415;-45,20850155;-22,79761528
416;-45,2082502;-22,79836654
417;-45,20729446;-22,79864153
418;-45,20729446;-22,79864153
419;-45,20729446;-22,79864153
42;-45,2670213;-22,79269703
420;-45,2082403;-22,79951116
421;-45,20770738;-22,80105809
422;-45,2082403;-22,79951116
423;-45,20751965;-22,79968336
424;-45,20654977;-22,79901482
425;-45,20654977;-22,79901482
427;-45,20654977;-22,79901482
428;-45,2069271;-22,80163584
429;-45,2069271;-22,80163584
43;-45,25645136;-22,78973613
430;-45,20256403;-22,79816101
430;-45,20256403;-22,79816101
431;-45,20427575;-22,80037848
432;-45,20427575;-22,80037848
433;-45,20427575;-22,80037848
434;-45,20511227;-22,80172071
434;-45,20511227;-22,80172071
435;-45,20427575;-22,80037848
437;-45,20602334;-22,79456743
438;-45,20224499;-22,79902293
439;-45,20503455;-22,80241649
44;-45,2670213;-22,79269703
440;-45,20503455;-22,80241649
441;-45,20512886;-22,80326567
442;-45,20512886;-22,80326567
443;-45,20505652;-22,80493695
444;-45,20505652;-22,80493695
445;-45,2040372;-22,80327645
448;-45,20419315;-22,80138595
436;-45,20165292;-22,80142992
449;-45,20086637;-22,80163332
450;-45,20080095;-22,80010436
451;-45,20080095;-22,80010436
452;-45,20080095;-22,80010436
453;-45,19988654;-22,79922091
454;-45,20541232;-22,80575698
455;-45,20541232;-22,80575698
456;-45,20468479;-22,80510165
458;-45,20473443;-22,80634765
459;-45,20503114;-22,806441
46;-45,25624523;-22,7917331
461;-45,20381867;-22,80568444
462;-45,20381867;-22,80568444
463;-45,20381867;-22,80568444
464;-45,2016322;-22,80406245
465;-45,20079554;-22,80197303
466;-45,20079554;-22,80197303
467;-45,20202812;-22,80244136
468;-45,20091051;-22,80162865
469;-45,20419315;-22,80138595
47;-45,25645136;-22,78973613
470;-45,20419315;-22,80138595
471;-45,20079554;-22,80197303
45;-45,2670213;-22,79269703
472;-45,19864714;-22,80138548
473;-45,19803824;-22,79954209
474;-45,20341393;-22,80628661
474;-45,20341393;-22,80628661
474;-45,20341393;-22,80628661
475;-45,20137257;-22,80444942
476;-45,20115244;-22,8040689
477;-45,20115244;-22,8040689
478;-45,20115244;-22,8040689
479;-45,20043726;-22,80349577
48;-45,25683357;-22,79314373
480;-45,19921077;-22,80207584
481;-45,19624056;-22,80243718
482;-45,20115742;-22,80708903
483;-45,19945994;-22,80527161
484;-45,19793564;-22,80523078
485;-45,19793564;-22,80523078
486;-45,19793564;-22,80523078
487;-45,19793564;-22,80523078
488;-45,19745781;-22,80510084
49;-45,24656476;-22,79250692
502;-45,19726665;-22,75945423
507;-45,19480879;-22,76225911
508;-45,1933194;-22,76377272
509;-45,19297921;-22,76318845
510;-45,19482706;-22,76686638
511;-45,19413846;-22,76781982
512;-45,20067573;-22,76908151
513;-45,19482706;-22,76686638
514;-45,1944397;-22,77023648
515;-45,20059469;-22,76947902
515;-45,20059469;-22,76947902
516;-45,20067573;-22,76908151
517;-45,20289506;-22,77079756
518;-45,19975419;-22,76947799
518;-45,19975419;-22,76947799
519;-45,19788571;-22,76947062
520;-45,1962406;-22,76862693
521;-45,1962406;-22,76862693
522;-45,19630272;-22,77022775
522;-45,19321599;-22,77112687
523;-45,20328455;-22,77225482
523;-45,20328455;-22,77225482
523;-45,20328455;-22,77225482
524;-45,19976905;-22,77213456
525;-45,19976905;-22,77213456
526;-45,19976905;-22,77213456
527;-45,20081204;-22,77399337
528;-45,20081204;-22,77399337
529;-45,20081204;-22,77399337
530;-45,20081204;-22,77399337
531;-45,1963314;-22,77147622
532;-45,1963314;-22,77147622
533;-45,1963314;-22,77147622
534;-45,1963314;-22,77147622
535;-45,1963314;-22,77147622
536;-45,19663871;-22,77174645
537;-45,19404244;-22,77089779
538;-45,19404244;-22,77089779
539;-45,20328455;-22,77225482
54;-45,2670213;-22,79269703
540;-45,20328455;-22,77225482
541;-45,20081204;-22,77399337
542;-45,20081204;-22,77399337
543;-45,20081204;-22,77399337
544;-45,20081204;-22,77399337
545;-45,19810891;-22,77177208
546;-45,19565445;-22,77298185
547;-45,1951778;-22,77361144
548;-45,1951778;-22,77361144
549;-45,1951778;-22,77361144
55;-45,2670213;-22,79269703
550;-45,19416079;-22,7725237
551;-45,19416079;-22,7725237
552;-45,19547021;-22,77307806
553;-45,19729009;-22,78076153
556;-45,19864462;-22,78209925
56;-45,2670213;-22,79269703
567;-45,20170139;-22,78361523
568;-45,20113511;-22,79003324
569;-45,19644466;-22,79027669
57;-45,2670213;-22,79269703
570;-45,19644466;-22,79027669
572;-45,19759441;-22,79082447
573;-45,19644466;-22,79027669
574;-45,19579165;-22,79235292
574;-45,1959917;-22,78904764
575;-45,20057633;-22,79119609
576;-45,19759441;-22,79082447
577;-45,19759441;-22,79082447
578;-45,19759441;-22,79082447
579;-45,19759441;-22,79082447
58;-45,25624523;-22,7917331
580;-45,19644466;-22,79027669
581;-45,20057629;-22,79165717
583;-45,19815974;-22,79197136
584;-45,19815974;-22,79197136
585;-45,19787635;-22,79299117
586;-45,19787635;-22,79299117
587;-45,19787635;-22,79299117
588;-45,19779297;-22,79408657
589;-45,19572309;-22,79088592
59;-45,24804408;-22,7957095
590;-45,19572309;-22,79088592
591;-45,19572309;-22,79088592
592;-45,19572309;-22,79088592
593;-45,19572309;-22,79088592
594;-45,19572309;-22,79088592
595;-45,20135834;-22,79323625
596;-45,19978551;-22,79410253
597;-45,20135834;-22,79323625
597;-45,20017585;-22,79499838
598;-45,20135834;-22,79323625
599;-45,19587629;-22,79399522
600;-45,20135834;-22,79323625
601;-45,20017585;-22,79499838
602;-45,19984496;-22,79681035
603;-45,20017585;-22,79499838
604;-45,20017585;-22,79499838
605;-45,19938148;-22,79648519
606;-45,19894217;-22,7953922
610;-45,19477099;-22,79349024
612;-45,20125848;-22,79714276
613;-45,19805167;-22,79568828
614;-45,19871283;-22,7983297
615;-45,19649636;-22,7968263
616;-45,19649636;-22,7968263
617;-45,19636899;-22,79749915
618;-45,19624872;-22,79679944
619;-45,19902513;-22,79707483
62;-45,2670213;-22,79269703
620;-45,19903058;-22,79707483
621;-45,19714803;-22,79889428
623;-45,19636899;-22,79749915
624;-45,19636899;-22,79749915
625;-45,19632605;-22,80035223
625;-45,19632605;-22,80035223
626;-45,19676196;-22,79797176
627;-45,19676196;-22,79797176
628;-45,19711349;-22,79977473
629;-45,1976654;-22,79873664
63;-45,2670213;-22,79269703
630;-45,1976654;-22,79873664
631;-45,19714803;-22,79889428
632;-45,19632605;-22,80035223
633;-45,19632605;-22,80035223
634;-45,19632605;-22,80035223
635;-45,19786486;-22,79873666
636;-45,19935216;-22,79865784
637;-45,19803824;-22,79954209
637;-45,19803824;-22,79954209
638;-45,19803824;-22,79954209
639;-45,19803824;-22,79954209
64;-45,2670213;-22,79269703
640;-45,19624056;-22,80243718
641;-45,19372158;-22,80187795
642;-45,1935596;-22,80175084
643;-45,19372158;-22,80187795
644;-45,19372158;-22,80187795
645;-45,19372158;-22,80187795
646;-45,19372158;-22,80187795
647;-45,19372158;-22,80187795
648;-45,19651458;-22,80381262
649;-45,19343957;-22,77013888
65;-45,2670213;-22,79269703
650;-45,19343957;-22,77013888
651;-45,19343957;-22,77013888
652;-45,19343957;-22,77013888
653;-45,18801964;-22,77396126
655;-45,19009706;-22,77146831
656;-45,19054728;-22,77285921
657;-45,18925701;-22,77156002
658;-45,18925701;-22,77156002
659;-45,18925701;-22,77156002
660;-45,18803916;-22,77384106
661;-45,18740026;-22,77329544
662;-45,18740026;-22,77329544
663;-45,18570702;-22,77472521
664;-45,18649938;-22,77690718
665;-45,18569496;-22,77559782
666;-45,19416079;-22,7725237
667;-45,19158958;-22,7715163
668;-45,19158958;-22,7715163
668;-45,19158958;-22,7715163
669;-45,19158958;-22,7715163
67;-45,26161645;-22,79280993
670;-45,19158958;-22,7715163
671;-45,18925701;-22,77156002
672;-45,18921609;-22,77530884
673;-45,18740026;-22,77329544
674;-45,18921609;-22,77530884
675;-45,18649938;-22,77690718
676;-45,18569496;-22,77559782
677;-45,18569496;-22,77559782
678;-45,18321788;-22,77553186
679;-45,18570702;-22,77472521
68;-45,26161645;-22,79280993
680;-45,18569496;-22,77559782
681;-45,18321788;-22,77553186
682;-45,18740026;-22,77329544
683;-45,18514989;-22,77626484
686;-45,19374685;-22,77312689
688;-45,19292522;-22,77537831
698;-45,18404699;-22,77714887
699;-45,18404269;-22,77661995
70;-45,2502942;-22,80262266
700;-45,18404269;-22,77661995
701;-45,19653822;-22,77519866
701;-45,19653822;-22,77519866
705;-45,19062841;-22,78142476
705;-45,19062841;-22,78142476
71;-45,26161645;-22,79280993
716;-45,18404269;-22,77661995
718;-45,18404699;-22,77714887
719;-45,18391643;-22,77843775
72;-45,26161645;-22,79280993
720;-45,18391643;-22,77843775
721;-45,18404269;-22,77661995
426;-45,20444625;-22,80039783
73;-45,26161645;-22,79280993
732;-45,17755894;-22,77956871
734;;
736;-45,1872848;-22,7800017
737;-45,18728002;-22,77999729
738;-45,18705355;-22,78108378
739;-45,18705355;-22,78108378
74;-45,26161645;-22,79280993
740;-45,18524935;-22,77927535
741;-45,18374439;-22,78092143
742;-45,18728002;-22,77999729
743;;
744;-45,18374439;-22,78092143
745;-45,18374439;-22,78092143
746;-45,18374439;-22,78092143
747;-45,18118806;-22,78183476
748;-45,18204416;-22,78019152
749;-45,18190109;-22,7785685
75;-45,26161645;-22,79280993
750;-45,17740602;-22,78144591
751;-45,18555344;-22,78106453
752;-45,18466654;-22,78103149
753;-45,1841359;-22,7805865
76;-45,26161645;-22,79280993
460;-45,20415713;-22,80492242
762;-45,18691854;-22,78284011
763;-45,18712282;-22,78292205
764;-45,18577452;-22,78279769
765;-45,18577452;-22,78279769
766;-45,18691854;-22,78284011
767;-45,18470464;-22,78268584
768;-45,18329465;-22,78239844
769;-45,18245002;-22,78232816
77;-45,26161645;-22,79280993
770;-45,18402905;-22,78152311
771;-45,18245002;-22,78232816
772;-45,18245002;-22,78232816
773;-45,18188102;-22,78168121
774;-45,17876829;-22,78233757
777;-45,17759865;-22,78258503
778;-45,17594252;-22,78178562
779;-45,18638534;-22,78497607
78;-45,26161645;-22,79280993
780;-45,18538179;-22,78506878
781;-45,18538179;-22,78506878
782;-45,18540504;-22,78515466
783;-45,18538179;-22,78506878
784;-45,18538179;-22,78506878
785;-45,18538179;-22,78506878
786;-45,18540504;-22,78515466
787;-45,18540504;-22,78515466
788;-45,17772624;-22,78200757
789;-45,17854634;-22,78394036
79;-45,26161645;-22,79280993
790;-45,17854634;-22,78394036
791;-45,17623906;-22,78319145
792;-45,17623906;-22,78319145
793;-45,17536102;-22,78459857
793;-45,17635984;-22,78660075
794;-45,17973464;-22,78393149
795;-45,17973464;-22,78393149
796;-45,17973464;-22,78393149
797;-45,17973464;-22,78393149
798;-45,17973464;-22,78393149
799;-45,17929093;-22,78417876
80;-45,26161645;-22,79280993
800;-45,17929093;-22,78417876
801;-45,18092273;-22,78472192
802;-45,18092273;-22,78472192
803;-45,17844525;-22,78602579
804;-45,17844525;-22,78602579
805;-45,17844525;-22,78602579
806;-45,17844525;-22,78602579
807;-45,17742615;-22,78791208
808;-45,1794253;-22,78741903
809;-45,1794253;-22,78741903
81;-45,24392709;-22,80278391
810;-45,18045673;-22,7872973
811;-45,18045673;-22,7872973
812;-45,18535981;-22,78761891
813;-45,18535981;-22,78761891
814;-45,18535981;-22,78761891
815;-45,1851894;-22,78873279
816;-45,1851894;-22,78873279
817;-45,1851894;-22,78873279
818;-45,1851894;-22,78873279
819;-45,18343574;-22,78483964
82;-45,24495588;-22,80606244
820;-45,18056628;-22,788487
821;-45,18056628;-22,788487
822;-45,18056628;-22,788487
823;-45,18056628;-22,788487
824;-45,18056628;-22,788487
825;-45,18056628;-22,788487
826;-45,18056628;-22,788487
827;-45,18056628;-22,788487
828;-45,18056628;-22,788487
829;-45,18056628;-22,788487
830;-45,18132568;-22,78975
831;-45,18056628;-22,788487
832;-45,1947471;-22,79121922
832;-45,1947471;-22,79121922
833;-45,19362386;-22,79022121
834;-45,19362386;-22,79022121
835;-45,19362386;-22,79022121
836;-45,19294645;-22,79188195
837;-45,19294645;-22,79188195
838;-45,19247709;-22,79228251
839;-45,19399849;-22,79384064
840;-45,19399849;-22,79384064
841;-45,19399849;-22,79384064
842;-45,19194969;-22,79560889
843;-45,18463413;-22,79351954
843;-45,18463413;-22,79351954
844;-45,18384651;-22,79178846
844;-45,18384651;-22,79178846
844;-45,18384651;-22,79178846
845;-45,18384651;-22,79178846
846;-45,18449872;-22,79251741
847;-45,18449872;-22,79251741
848;-45,18449872;-22,79251741
849;-45,1843468;-22,79170411
850;-45,18444197;-22,79173926
851;-45,18444197;-22,79173926
852;-45,18241289;-22,79079153
853;-45,1830286;-22,79354292
854;-45,1830286;-22,79354292
855;-45,18183602;-22,79335527
856;-45,18183602;-22,79335527
856;-45,18116716;-22,79501896
857;-45,18449824;-22,79353541
859;-45,18459905;-22,79501596
859;-45,18459905;-22,79501596
859;-45,18459905;-22,79501596
860;-45,18459905;-22,79501596
862;-45,18459905;-22,79501596
863;-45,18459905;-22,79501596
864;-45,18459905;-22,79501596
865;-45,18459905;-22,79501596
867;-45,18119608;-22,79609617
868;-45,18116716;-22,79501896
869;-45,18119608;-22,79609617
87;-45,24240129;-22,80545344
870;-45,18119608;-22,79609617
871;-45,18119608;-22,79609617
872;-45,18119608;-22,79609617
873;-45,1811039;-22,79646106
874;-45,19285465;-22,7968014
874;-45,19285465;-22,7968014
875;-45,19194384;-22,79601468
876;-45,1920696;-22,79576152
877;-45,19076385;-22,79754209
878;-45,18425034;-22,79466964
88;-45,24341609;-22,80570004
880;-45,19076385;-22,79754209
881;-45,19076385;-22,79754209
882;-45,18981874;-22,79878838
882;-45,18981874;-22,79878838
883;-45,19285465;-22,7968014
884;-45,19291982;-22,79853518
885;-45,18865853;-22,79801093
886;-45,19076385;-22,79754209
887;-45,18953557;-22,80002653
888;-45,1888499;-22,79960132
89;-45,23979136;-22,80508038
890;-45,1894996;-22,80065302
891;-45,18689057;-22,79927917
892;-45,18689057;-22,79927917
893;-45,18748919;-22,80048189
894;-45,1894996;-22,80065302
896;-45,18761067;-22,80159373
897;-45,18761067;-22,80159373
898;-45,18517935;-22,80255871
899;-45,18751265;-22,80211049
90;-45,24422886;-22,80583625
900;-45,18357495;-22,79717795
901;-45,18366795;-22,79847255
902;-45,182853;-22,79802936
903;-45,18352368;-22,80043623
903;-45,17897162;-22,80325812
904;-45,18366795;-22,79847255
905;-45,18366795;-22,79847255
906;-45,18114984;-22,79800133
907;-45,18366795;-22,79847255
908;-45,18366795;-22,79847255
909;-45,18366795;-22,79847255
91;-45,24145338;-22,80524507
910;-45,18352368;-22,80043623
911;-45,18366795;-22,79847255
912;-45,18366795;-22,79847255
913;-45,18366795;-22,79847255
914;-45,18366795;-22,79847255
915;-45,18352368;-22,80043623
916;-45,18352368;-22,80043623
917;-45,18403441;-22,8012923
918;-45,18403441;-22,8012923
919;-45,18101883;-22,80171619
92;-45,24454564;-22,80363012
920;-45,18403441;-22,8012923
921;-45,182853;-22,79802936
922;-45,19285465;-22,7968014
922;-45,19385087;-22,8005585
923;-45,19372158;-22,80187795
924;-45,19385087;-22,8005585
926;-45,19372158;-22,80187795
927;-45,19707242;-22,80372873
930;-45,18185164;-22,80305827
931;-45,1847152;-22,80265322
932;-45,1843539;-22,80189487
933;-45,1843539;-22,80189487
934;-45,1843539;-22,80189487
935;-45,18297975;-22,80424553
935;-45,18185164;-22,80305827
936;-45,1840314;-22,80304952
937;-45,18084758;-22,8032811
938;-45,18104648;-22,80290786
939;-45,18121089;-22,80192099
94;-45,24341609;-22,80570004
940;-45,18114683;-22,80048689
941;-45,1796147;-22,80263617
942;-45,18104648;-22,80290786
943;-45,18017451;-22,80356533
944;-45,18017451;-22,80356533
945;-45,17929408;-22,80392899
946;-45,17929408;-22,80392899
947;-45,17897162;-22,80325812
948;-45,18117228;-22,80527194
949;-45,18117228;-22,80527194
950;-45,18117228;-22,80527194
951;-45,18117228;-22,80527194
952;-45,18196954;-22,80546074
953;-45,18196954;-22,80546074
954;-45,18034967;-22,8053004
955;-45,18117228;-22,80527194
956;-45,18196954;-22,80546074
957;-45,18034967;-22,8053004
958;-45,17939364;-22,80488268
962;-45,1968094;-22,80644348
965;-45,18889154;-22,80632333
966;-45,18657705;-22,80509746
968;-45,18557255;-22,80524242
969;-45,18458725;-22,80423237
970;-45,18425272;-22,80515077
971;-45,18425272;-22,80515077
972;-45,18425272;-22,80515077
973;-45,18335203;-22,80719135
980;-45,18557255;-22,80524242
985;-45,18332899;-22,80700255
99;-45,24463544;-22,80675918
998;-45,18734124;-22,8055862
609;-45,19754837;-22,79455142
608;-45,19728619;-22,79563833
607;-45,19728619;-22,79563833
295;-45,20427353;-22,77269589
291;-45,20696103;-22,76957062
285;-45,20696103;-22,76957062
284;-45,20696103;-22,76957062
283;-45,20696103;-22,76957062
276;-45,20696103;-22,76957062
278;-45,20967841;-22,76931126
274;-45,20967841;-22,76931126
490;-45,2129508;-22,76189973
491;-45,2129508;-22,76189973
492;-45,21021279;-22,76114576
493;-45,20188738;-22,7589211
494;-45,20188738;-22,7589211
495;-45,20188738;-22,7589211
496;-45,20188738;-22,7589211
505;-45,19480879;-22,76225911
506;-45,19480879;-22,76225911
504;-45,19345331;-22,76132688
503;-45,19463246;-22,76061831
501;-45,19463246;-22,76061831
497;-45,19521645;-22,75951832
293;-45,20856055;-22,77317253
292;-45,21227648;-22,77388512
290;-45,21227648;-22,77388512
282;-45,21208113;-22,77229352
277;-45,21254494;-22,76979362
273;-45,2101694;-22,76904507
296;-45,20982434;-22,77289434
296;-45,20974989;-22,77186666
309;-45,21064474;-22,77661327
310;-45,21064474;-22,77661327
311;-45,21064474;-22,77661327
312;-45,21052138;-22,77842137
313;-45,20954748;-22,77842115
314;-45,21018746;-22,7791898
316;-45,20807595;-22,77941861
317;-45,20734464;-22,77874871
555;-45,2012718;-22,78020655
557;-45,2012718;-22,78020655
558;-45,19926692;-22,78184955
559;-45,19926692;-22,78184955
554;-45,19926692;-22,78184955
560;-45,19498422;-22,78012046
560;-45,19498422;-22,78012046
561;-45,19839447;-22,78094402
562;-45,19839447;-22,78094402
563;-45,19839447;-22,78094402
564;-45,19840891;-22,78444255
565;-45,19840891;-22,78444255
702;-45,19667555;-22,78181096
703;-45,19435721;-22,77912821
685;-45,19344344;-22,77746254
684;-45,19344344;-22,77746254
687;-45,19385205;-22,77693967
704;-45,19434875;-22,7787255
704;-45,19446222;-22,77942814
755;-45,19062841;-22,78142476
754;-45,19133667;-22,78195379
757;-45,19133667;-22,78195379
758;-45,19133667;-22,78195379
756;-45,19133667;-22,78195379
689;-45,19150762;-22,77703828
689;-45,1915252;-22,77845182
690;-45,1908477;-22,77710583
691;-45,19106101;-22,77788249
692;-45,19088165;-22,7750882
693;-45,19088165;-22,7750882
706;-45,19106101;-22,77788249
733;-45,19137851;-22,78059982
735;-45,19137851;-22,78059982
707;-45,19137023;-22,77825102
708;;
759;-45,19161963;-22,78263205
760;-45,19033106;-22,78267257
761;-45,19033106;-22,78267257
1020;-45,19540078;-22,80906247
1019;-45,19540078;-22,80906247
1021;-45,19540078;-22,80906247
1022;-45,19568623;-22,80991648
1023;-45,19057826;-22,81212867
963;-45,19519053;-22,8061544
999;-45,19519053;-22,8061544
1000;-45,1939832;-22,80732963
1001;-45,1939832;-22,80732963
1002;-45,1939832;-22,80732963
1003;-45,1939832;-22,80732963
1004;-45,1934725;-22,80843405
1005;-45,1934725;-22,80843405
1008;-45,19242784;-22,80955412
1007;-45,19242784;-22,80955412
997;-45,19079084;-22,80693424
964;-45,19133207;-22,80591891
967;-45,18905056;-22,80600224
994;-45,18734124;-22,8055862
993;-45,18734124;-22,8055862
995;-45,18734124;-22,8055862
1009;-45,18734124;-22,8055862
981;-45,18760062;-22,80645115
996;-45,18760062;-22,80645115
1010;-45,18760062;-22,80645115
1011;-45,18760062;-22,80645115
1012;-45,18760062;-22,80645115
1013;-45,18703724;-22,80822149
1030;-45,1860008;-22,80933577
1029;-45,18850522;-22,81103099
1028;-45,18850522;-22,81103099
1027;-45,19057826;-22,81212867
1026;-45,19057826;-22,81212867
1025;-45,19057826;-22,81212867
1024;-45,19057826;-22,81212867
1032;-45,18597557;-22,81000658
1033;-45,18597557;-22,81000658
1034;-45,18597557;-22,81000658
1035;-45,18597557;-22,81000658
1036;-45,18434306;-22,81187043
1037;-45,18436396;-22,80887831
1038;-45,18436396;-22,80887831
1016;-45,18436396;-22,80887831
1015;-45,18436396;-22,80887831
1014;-45,18436396;-22,80887831
982;-45,18436396;-22,80887831
983;-45,18436396;-22,80887831
984;-45,18436396;-22,80887831
986;-45,18466077;-22,80722262
987;-45,18468438;-22,80878109
974;-45,18468438;-22,80878109
975;-45,18283111;-22,80809741
1557;-45,1968107;-22,81114446
1555;-45,19846485;-22,81277765
1563;-45,19846485;-22,81277765
1564;-45,19846485;-22,81277765
1565;-45,19846485;-22,81277765
1566;-45,19846485;-22,81277765
1567;-45,19846485;-22,81277765
1560;-45,19846485;-22,81277765
1561;-45,19846485;-22,81277765
1422;-45,19846485;-22,81277765
1568;-45,19846485;-22,81277765
1423;-45,19846485;-22,81277765
1424;-45,19846485;-22,81277765
1589;-45,19795644;-22,81312761
1590;-45,19795644;-22,81312761
1578;-45,19795644;-22,81312761
1588;-45,19795644;-22,81312761
1425;-45,1949972;-22,81533243
1426;-45,19497901;-22,81330903
1427;-45,19497901;-22,81330903
1428;-45,19280368;-22,81265945
1431;-45,19280368;-22,81265945
1432;-45,19280368;-22,81265945
1433;-45,19302231;-22,81350125
1434;-45,19140278;-22,81463847
1436;-45,19078042;-22,81637324
1447;-45,19309971;-22,81428694
1448;-45,19309971;-22,81428694
1454;-45,19309971;-22,81428694
1446;-45,19249696;-22,81610258
1445;-45,19249696;-22,81610258
1444;-45,19311942;-22,81632932
1443;-45,19599421;-22,81656465
1442;-45,19599421;-22,81656465
1441;-45,19599421;-22,81656465
1439;-45,19689685;-22,81640117
1440;-45,19689685;-22,81640117
1452;-45,19628054;-22,81696915
1453;-45,19501069;-22,81754362
1602;-45,19608197;-22,81727164
1601;-45,19731999;-22,81661562
1582;-45,20058562;-22,81653699
1580;-45,20018132;-22,81564819
1581;-45,20018132;-22,81564819
1573;-45,20052971;-22,81496323
1574;-45,20052971;-22,81496323
1569;-45,20052971;-22,81496323
1575;-45,20052971;-22,81496323
1576;-45,19994671;-22,81476257
1571;-45,19994671;-22,81476257
1572;-45,19981853;-22,81384649
1577;-45,19981853;-22,81384649
1586;-45,1973589;-22,81615077
1587;-45,1973589;-22,81615077
1584;-45,1973589;-22,81615077
1585;-45,1973589;-22,81615077
1465;-45,19270799;-22,81656212
1449;-45,19270799;-22,81656212
1456;-45,191435;-22,81697675
1457;;
1455;-45,191435;-22,81697675
1433;-45,19078042;-22,81637324
1435;-45,18954986;-22,81592218
1437;-45,18954986;-22,81592218
1459;-45,18954986;-22,81592218
1429;-45,19069551;-22,81370289
1339;-45,18794434;-22,81274974
1340;-45,18556143;-22,81193374
1349;-45,18793132;-22,81388932
1358;-45,18803148;-22,81497058
1350;-45,18803148;-22,81497058
1360;-45,18719595;-22,81443558
1361;-45,18719595;-22,81443558
1351;-45,18719595;-22,81443558
1352;-45,18553259;-22,81442821
1353;-45,18553259;-22,81442821
1354;-45,18446064;-22,81462054
1355;-45,18446064;-22,81462054
1365;-45,18446064;-22,81462054
1365;-45,18470835;-22,81500128
1364;-45,18446064;-22,81462054
1362;-45,18446064;-22,81462054
1363;-45,18446064;-22,81462054
1363;-45,18446064;-22,81462054
1374;-45,18550117;-22,81592708
1372;-45,18550117;-22,81592708
1341;-45,18556143;-22,81193374
1342;-45,18351932;-22,8129783
1343;-45,18351932;-22,8129783
1344;-45,18142347;-22,81271418
1367;-45,18142347;-22,81271418
1367;-45,18194648;-22,81417716
1366;-45,18142347;-22,81271418
1379;-45,18327434;-22,81583053
1378;-45,18327434;-22,81583053
1387;-45,18327434;-22,81583053
1388;-45,18327434;-22,81583053
1389;-45,18327434;-22,81583053
1390;-45,18327434;-22,81583053
1391;-45,183398;-22,81654924
1392;-45,183398;-22,81654924
1393;-45,183398;-22,81654924
1380;-45,18257431;-22,81626694
1511;-45,19539231;-22,82748531
1554;-45,19860433;-22,81585844
1597;-45,20238975;-22,81598207
1598;-45,20238975;-22,81598207
1593;-45,20338767;-22,81757096
1594;-45,20338767;-22,81757096
1592;-45,20331436;-22,81985208
1595;-45,20331436;-22,81985208
1635;-45,20331436;-22,81985208
1630;-45,20601833;-22,8213973
1630;-45,20494232;-22,82187003
1631;-45,20446314;-22,82200176
1628;-45,20446314;-22,82200176
1624;-45,20510523;-22,82235056
1625;-45,2052738;-22,82378504
1626;-45,2052738;-22,82378504
1627;-45,2052738;-22,82378504
1622;-45,2052738;-22,82378504
1623;-45,2052738;-22,82378504
1634;-45,20201816;-22,82136387
1633;-45,20188409;-22,82051722
1644;-45,19842975;-22,82019739
1600;-45,20143787;-22,81836691
1599;-45,20143787;-22,81836691
1591;-45,20349207;-22,8181283
1636;-45,19887701;-22,81885439
1639;-45,1981989;-22,81823287
1641;-45,1981989;-22,81823287
1640;-45,1981989;-22,81823287
1642;-45,1981989;-22,81823287
1643;-45,1981989;-22,81823287
1638;-45,19817558;-22,81943394
1638;-45,19817558;-22,81943394
1451;-45,1955409;-22,81810693
1460;-45,19559811;-22,81902609
1461;-45,19559811;-22,81902609
1462;-45,19559811;-22,81902609
1464;-45,19246573;-22,81754229
1466;-45,19559811;-22,81902609
1467;-45,19324112;-22,81816506
1468;-45,19246573;-22,81754229
1469;-45,19246573;-22,81754229
1472;-45,19496233;-22,81926725
1472;-45,19496233;-22,81926725
1473;-45,19434484;-22,81893844
1474;-45,1934138;-22,81961797
1474;-45,1934138;-22,81961797
1481;-45,1934138;-22,81961797
1482;-45,1934138;-22,81961797
1476;-45,1934138;-22,81961797
1475;-45,1934138;-22,81961797
1486;-45,1934138;-22,81961797
1488;-45,19349797;-22,8211641
1492;-45,19389246;-22,82165051
1493;-45,19389246;-22,82165051
1489;-45,19389246;-22,82165051
1489;-45,19389246;-22,82165051
1487;-45,19389246;-22,82165051
1645;-45,19408303;-22,82168839
1646;-45,19408303;-22,82168839
1494;-45,19408303;-22,82168839
1497;-45,19526286;-22,82353059
1497;-45,19656397;-22,82530038
1497;-45,19731811;-22,82734264
1498;-45,19526286;-22,82353059
1502;-45,19192391;-22,82456876
1502;-45,1907663;-22,82492558
1502;-45,18952924;-22,8262098
1490;-45,19139803;-22,82187704
1495;-45,19134447;-22,82218326
1503;-45,19134447;-22,82218326
1505;-45,19134447;-22,82218326
1506;-45,19134447;-22,82218326
1485;-45,19050258;-22,82064206
1484;-45,19050258;-22,82064206
1479;-45,19027073;-22,81971712
1478;-45,19027073;-22,81971712
1470;-45,19027073;-22,81971712
1458;-45,19033377;-22,81848117
1480;-45,19049403;-22,81846874
1477;-45,19105145;-22,81935626
1371;-45,18857513;-22,81904464
1381;-45,18857513;-22,81904464
1382;-45,18841282;-22,81992321
1491;-45,18852074;-22,81973541
1415;-45,18841282;-22,81992321
1061;-45,15134923;-22,77704026
1059;-45,15134923;-22,77704026
1058;-45,15134923;-22,77704026
1057;-45,15134923;-22,77704026
1056;-45,15134923;-22,77704026
1168;-45,15138121;-22,77830249
1060;-45,14807718;-22,77546494
1062;-45,14807718;-22,77546494
1063;-45,14807718;-22,77546494
1065;-45,14807718;-22,77546494
1066;-45,14807718;-22,77546494
1068;-45,14834963;-22,77734333
1067;-45,14834963;-22,77734333
1070;-45,1484796;-22,77925053
1069;-45,1484796;-22,77925053
1072;-45,1484796;-22,77925053
1071;-45,1484796;-22,77925053
1075;-45,1484796;-22,77925053
1077;-45,1484796;-22,77925053
1074;-45,14714358;-22,78068235
1076;-45,14714358;-22,78068235
1073;-45,14714358;-22,78068235
1055;-45,14538486;-22,77878302
1054;-45,14538486;-22,77878302
1078;-45,14757188;-22,78056299
1078;-45,14653158;-22,78024288
1053;-45,13839698;-22,77590516
1049;-45,13839698;-22,77590516
1050;-45,13839698;-22,77590516
1052;-45,1378882;-22,77582007
1051;-45,13710205;-22,77525019
1048;-45,1378882;-22,77582007
1416;-45,18651489;-22,81945387
1418;-45,18651489;-22,81945387
1419;-45,18651489;-22,81945387
1420;-45,1874053;-22,81954191
1421;-45,18409693;-22,81742605
1376;-45,18551607;-22,81680306
1373;-45,18640547;-22,81734587
1375;-45,18640547;-22,81734587
1377;-45,18640547;-22,81734587
1384;-45,1847536;-22,81721201
1385;-45,1847536;-22,81721201
1386;-45,1847536;-22,81721201
1394;-45,1847536;-22,81721201
1395;-45,1837197;-22,81862464
1412;-45,18248662;-22,81872494
1402;-45,18248662;-22,81872494
1403;-45,18171853;-22,81948671
1413;-45,18171853;-22,81948671
1397;-45,17635329;-22,8210491
1397;-45,17635329;-22,8210491
1337;-45,17815168;-22,8171709
1369;-45,17847046;-22,81247151
1368;-45,18040505;-22,8130398
1356;-45,1808924;-22,8132238
1345;-45,18044947;-22,81209947
1346;-45,18044947;-22,81209947
1347;-45,18044947;-22,81209947
1348;-45,17917422;-22,81119214
1357;-45,17972699;-22,81165113
1370;-45,17971486;-22,81381431
1336;-45,17809355;-22,81047699
1333;-45,17760453;-22,81185389
1334;-45,17781735;-22,8098195
1406;-45,17612977;-22,82205479
1407;-45,17612977;-22,82205479
1398;-45,17427278;-22,82276933
1400;-45,17427278;-22,82276933
1405;-45,17427278;-22,82276933
1408;-45,1748043;-22,82249751
1079;-45,14630112;-22,78214567
1082;-45,14630112;-22,78214567
1084;-45,14630112;-22,78214567
1086;-45,14630112;-22,78214567
1090;-45,14975281;-22,78408083
1080;-45,1469088;-22,78385376
1083;-45,1469088;-22,78385376
1085;-45,1469088;-22,78385376
1087;-45,1469088;-22,78385376
1165;-45,15164192;-22,77493821
1167;-45,15473636;-22,77662763
1166;-45,15591721;-22,77540594
1416;-45,18713447;-22,81915135
1500;-45,19561571;-22,82322775
1508;-45,19587288;-22,82580633
1509;-45,19587288;-22,82580633
1510;-45,19587288;-22,82580633
1511;-45,1953686;-22,82724476
1518;-45,19584786;-22,82705221
1519;-45,19584786;-22,82705221
1517;-45,19630349;-22,82658175
1520;-45,19566153;-22,82766745
1520;-45,19566153;-22,82766745
1501;-45,1936235;-22,82594962
1501;-45,19300461;-22,83086843
1501;-45,19431837;-22,82496222
1501;-45,19300461;-22,83086843
1525;-45,1942533;-22,82733523
1526;-45,19662858;-22,82945249
1531;-45,19668531;-22,83047824
1532;-45,19668531;-22,83047824
1533;-45,19592533;-22,83126807
1534;-45,19592533;-22,83126807
1605;-45,21081723;-22,82925587
1610;-45,21081723;-22,82925587
1606;-45,21081723;-22,82925587
1611;-45,21058806;-22,82992932
1608;-45,21200851;-22,82898926
1609;-45,21200851;-22,82898926
1603;-45,21318586;-22,82944574
1607;-45,21318586;-22,82944574
1613;-45,2086298;-22,82719475
1614;-45,2073574;-22,82620524
1616;-45,2073574;-22,82620524
1617;-45,2073574;-22,82620524
1618;-45,2073574;-22,82620524
1619;-45,20565378;-22,82566514
1620;-45,20565378;-22,82566514
1621;-45,20565378;-22,82566514
1245;-45,17105581;-22,79089883
1512;-45,19046799;-22,82431367
1513;-45,19046799;-22,82431367
1514;-45,18962994;-22,82436596
1515;-45,18962994;-22,82436596
1507;-45,18948205;-22,82412447
1521;-45,18952924;-22,8262098
1522;-45,18952924;-22,8262098
1523;-45,18952924;-22,8262098
1524;-45,18873937;-22,82578665
1528;-45,18921936;-22,82942649
1530;-45,18826356;-22,8326674
298;-45,22134961;-22,77903375
300;-45,22134961;-22,77903375
302;-45,22134961;-22,77903375
303;-45,22134961;-22,77903375
301;-45,22134961;-22,77903375
304;-45,22134961;-22,77903375
299;-45,22134961;-22,77903375
288;-45,2223831;-22,77537709
287;-45,2223831;-22,77537709
280;-45,2223831;-22,77537709
281;-45,2223831;-22,77537709
289;-45,2223831;-22,77537709
305;-45,2223831;-22,77537709
305;-45,22184572;-22,77916456
83;-45,24201646;-22,80569573
84;-45,2455725;-22,80547819
85;-45,2455725;-22,80547819
86;-45,24347509;-22,80376267
96;-45,24427768;-22,80749269
93;-45,24405532;-22,80622487
97;-45,24463544;-22,80675918
98;-45,24463544;-22,80675918
100;-45,24463544;-22,80675918
101;-45,24463544;-22,80675918
95;-45,24100337;-22,80728309
253;-45,24100337;-22,80728309
255;-45,24085131;-22,80714181
256;-45,24002766;-22,80738472
257;-45,24002766;-22,80738472
258;-45,23807315;-22,80788509
259;-45,23807315;-22,80788509
104;-45,23979787;-22,808225
268;-45,23942849;-22,80928475
269;-45,23942849;-22,80928475
266;-45,23888475;-22,8084297
262;-45,23845837;-22,80798866
262;-45,23845837;-22,80798866
270;-45,23640081;-22,80818851
611;-45,20135834;-22,79323625
1399;-45,17437887;-22,81985133
1401;-45,17437887;-22,81985133
1404;-45,17528721;-22,82039946
1414;-45,17474749;-22,82244408
1414;-45,17486195;-22,82327339
1410;-45,1748043;-22,82249751
1411;-45,17426692;-22,82252731
1409;-45,17426692;-22,82252731
1409;-45,17426692;-22,82252731
1673;-45,0899287;-22,92253228
1672;-45,0899287;-22,92253228
1675;;
1676;-45,0899287;-22,92253228
1679;;
1678;-45,08738215;-22,92034282
1677;;
1680;-45,09048346;-22,92180046
1680;;
1681;-45,0837848;-22,91920736
1683;;
1682;;
1686;;
1685;;
1684;;
1684;;
1674;-45,08961265;-22,92147542
1674;-45,08679362;-22,92446776
715;;
714;;
713;;
696;;
697;;
717;;
723;;
722;;
724;;
725;;
726;;
727;;
728;;
711;;
712;;
694;;
695;;
709;;
710;;
729;;
730;;
731;;
654;;
654;;
654;;
50;-45,24786176;-22,79513391
60;-45,24786176;-22,79513391
69;-45,24919662;-22,79733593
61;-45,24773186;-22,79910412
51;-45,2460088;-22,79471554
53;-45,26262349;-22,79302219
66;-45,26485907;-22,79655312
367;-45,20669512;-22,7944247
446;-45,20458255;-22,80247386
447;-45,20458255;-22,80247386
775;-45,18429621;-22,78285134
776;-45,18429621;-22,78285134
988;-45,18195491;-22,80736115
989;-45,18040015;-22,80743785
990;-45,18040015;-22,80743785
976;-45,18023178;-22,8066439
977;-45,18044726;-22,80613991
978;-45,18044726;-22,80613991
979;-45,1798336;-22,80614505
959;-45,1798336;-22,80614505
960;-45,1798336;-22,80614505
991;-45,18007843;-22,80776243
992;-45,18007843;-22,80776243
1043;-45,18382695;-22,81015766
1040;-45,18041067;-22,80881728
1041;-45,18041067;-22,80881728
1017;-45,18041067;-22,80881728
1092;-45,15060936;-22,78404845
1094;-45,15044266;-22,78410187
1096;-45,15044266;-22,78410187
1103;-45,1517101;-22,78469604
1101;-45,1517101;-22,78469604
1088;-45,14831447;-22,78345463
1089;-45,14794099;-22,78407969
1091;-45,14794099;-22,78407969
1093;-45,14852163;-22,78501353
1095;-45,14852163;-22,78501353
1097;-45,14961108;-22,78577797
1100;-45,14961108;-22,78577797
1099;-45,15029372;-22,78637689
1102;-45,15029372;-22,78637689
1104;-45,15183371;-22,78716839
1106;-45,15183371;-22,78716839
1107;-45,14855377;-22,78801101
1109;-45,15026392;-22,78858422
1114;-45,15026392;-22,78858422
1116;-45,15144101;-22,78918642
1117;-45,15224442;-22,78941429
1118;-45,15155949;-22,79039678
1121;-45,15338962;-22,79011915
1122;-45,15163867;-22,79092495
1136;-45,15119163;-22,79300051
1127;-45,1517489;-22,79253874
1129;-45,1517489;-22,79253874
1130;-45,14964047;-22,79253744
1128;-45,14964047;-22,79253744
1123;-45,14964047;-22,79253744
1115;-45,14964047;-22,79253744
1111;-45,14936291;-22,79128297
1110;-45,14830483;-22,79114294
1108;-45,14830483;-22,79114294
1124;-45,14848603;-22,7935783
1125;-45,14899481;-22,79416543
1126;-45,14867564;-22,79539752
1158;-45,14867564;-22,79539752
1169;-45,1498188;-22,78235811
1206;-45,1523124;-22,78424639
1206;-45,1523124;-22,78424639
1139;-45,15179921;-22,79409131
1140;-45,15179921;-22,79409131
1541;-45,20502883;-22,81435193
1530;-45,18469956;-22,83375779
52;-45,26129262;-22,79408281
961;-45,18205918;-22,80430151
582;-45,1972919;-22,79379787
889;-45,1868957;-22,80000903
566;-45,19781246;-22,7837694
925;-45,19011404;-22,80109855
878;-45,18975637;-22,79866713
879;-45,18975637;-22,79866713
861;-45,1845356;-22,79596342
261;-45,2404996;-22,80909934
866;-45,1845356;-22,79596342
403;-45,21001457;-22,79493114
121;-45,2310492;-22,79606713
1693;-45,23084244;-22,7950186
1695;-45,23084244;-22,7950186
1696;-45,23084244;-22,7950186
125;-45,22987718;-22,79646117
1042;-45,18382695;-22,81015766
929;-45,18874104;-22,80322727
1433;-45,19140278;-22,81463847
1527;-45,19153736;-22,82750237
1559;-45,19639971;-22,81108992
1662;;
1662;-45,35568036;-22,76293551
1665;;
1665;-45,35420643;-22,76546561
Polgono sem ttulo;;
1664;-45,35420643;-22,76546561
1663;-45,35490586;-22,76514527
Polgono sem ttulo;;
1666;-45,35103362;-22,76541727
Polgono sem ttulo;;
1660;-45,35447171;-22,76501769
Polgono sem ttulo;;
1661;-45,3559174;-22,76273167
Polgono sem ttulo;;
1659;-45,35619846;-22,76315463
Polgono sem ttulo;;
1658;-45,3564049;-22,76260744
Polgono sem ttulo;;
1657;-45,35647398;-22,76214658
Polgono sem ttulo;;
1655;-45,356458;-22,7615903
Polgono sem ttulo;;
1650;-45,36110344;-22,75682975
Polgono sem ttulo;;
1656;-45,35674842;-22,76090916
Polgono sem ttulo;;
1654;-45,35830776;-22,76206698
Polgono sem ttulo;;
1649;-45,36133597;-22,75907523
Polgono sem ttulo;;
1647;-45,35954815;-22,75409253
Polgono sem ttulo;;
Polgono sem ttulo;;
Polgono sem ttulo;;
Polgono sem ttulo;;
1653;-45,35559698;-22,75350926
1652;-45,35575983;-22,75344125
1648;-45,35548534;-22,75138279
1651;-45,35402164;-22,75154561
1733;-45,17361252;-22,7941225
1279.4;-45,17455417;-22,79565552
895;-45,18718172;-22,8011048
273.2;-45,2101694;-22,76904507
260;-45,24044392;-22,80878768
110;-45,22536488;-22,79489761
498;-45,19540596;-22,75735906
499;-45,19540596;-22,75735906
500;-45,19320575;-22,75940028
571;-45,19714833;-22,78933179
1331;-45,17610585;-22,81062963
1332;-45,17610585;-22,81062963
1335;-45,17610585;-22,81062963
1337;-45,17691851;-22,81227139
1275;-45,174446;-22,79582435
457;-45,20536088;-22,80783466
1769;-45,18638534;-22,78497607
1768;-45,18678941;-22,78526961
1767;-45,18684031;-22,78556109
1766;-45,18674171;-22,78596019
1731;-45,17425466;-22,7930542
1730;-45,17425466;-22,7930542
1729;-45,17495647;-22,79327657
1728;-45,17435087;-22,79403224
1726;-45,17422461;-22,79455972
1725;-45,17422461;-22,79455972
1261;-45,17303928;-22,79384816
1722;-45,1751867;-22,79881189
1708;-45,1751867;-22,79881189
1721;-45,1751867;-22,79881189
1720;-45,1751867;-22,79881189
1719;-45,1751867;-22,79881189
1718;-45,17527829;-22,79868248
1717;-45,17587477;-22,79895187
1716;-45,17601479;-22,79899902
1715;-45,1762105;-22,79904163
1714;-45,17567152;-22,79931168
1713;-45,17567152;-22,79931168
1712;-45,17567152;-22,79931168
1711;-45,17514331;-22,7991631
1710;-45,17454561;-22,79909974
1709;-45,17447531;-22,79906529
1771;-45,22738902;-22,79955003
1772;-45,22757772;-22,79946482
1773;-45,22778121;-22,79942948
1809;-45,22817281;-22,79934017
1810;-45,22854202;-22,79926622
1811;-45,22906371;-22,79889377
1698;-45,23293373;-22,79609392
1699;-45,23386;-22,79694918
1700;-45,23418165;-22,79665677
1701;-45,23464192;-22,79656623
1702;-45,23478258;-22,79649718
1703;-45,23519921;-22,79635957
1704;-45,23533876;-22,79573075
1704;-45,23533876;-22,79573075
1704;-45,23533876;-22,79573075
